<?xml version="1.0" encoding="UTF-8"?>
<project version="4">
  <component name="ChangeListManager">
    <list default="true" id="a8e5f78f-76f4-404d-ab01-5f97931dedc8" name="Changes" comment="" />
    <option name="SHOW_DIALOG" value="false" />
    <option name="HIGHLIGHT_CONFLICTS" value="true" />
    <option name="HIGHLIGHT_NON_ACTIVE_CHANGELIST" value="false" />
    <option name="LAST_RESOLUTION" value="IGNORE" />
  </component>
  <component name="MarkdownSettingsMigration">
    <option name="stateVersion" value="1" />
  </component>
  <component name="ProjectId" id="2GQBsEAZBNMjGAfbAf96qt2zaFi" />
  <component name="ProjectViewState">
    <option name="hideEmptyMiddlePackages" value="true" />
    <option name="showLibraryContents" value="true" />
  </component>
  <component name="PropertiesComponent"><![CDATA[{
  "keyToString": {
    "RunOnceActivity.OpenProjectViewOnStart": "true",
    "RunOnceActivity.ShowReadmeOnStart": "true",
    "WebServerToolWindowFactoryState": "false",
    "last_opened_file_path": "C:/Users/bates/OneDrive/NCMC_TEACH/111 - WebDev1/Instructor/SANDBOX/first_lecture",
    "settings.editor.selected.configurable": "preferences.lookFeel"
  }
}]]></component>
  <component name="SpellCheckerSettings" RuntimeDictionaries="0" Folders="0" CustomDictionaries="0" DefaultDictionary="application-level" UseSingleDictionary="true" transferred="true" />
  <component name="TaskManager">
    <task active="true" id="Default" summary="Default task">
      <changelist id="a8e5f78f-76f4-404d-ab01-5f97931dedc8" name="Changes" comment="" />
      <created>1666311131840</created>
      <option name="number" value="Default" />
      <option name="presentableId" value="Default" />
      <updated>1666311131840</updated>
      <workItem from="1666311133279" duration="611000" />
      <workItem from="1666349279503" duration="63000" />
    </task>
    <servers />
  </component>
  <component name="TypeScriptGeneratedFilesManager">
    <option name="version" value="3" />
  </component>
</project>